,adongCd,adongNm,bizesId,bizesNm,bldMngNo,bldMnno,bldNm,bldSlno,brchNm,ctprvnCd,ctprvnNm,dongNo,flrNo,hoNo,indsLclsCd,indsLclsNm,indsMclsCd,indsMclsNm,indsSclsCd,indsSclsNm,ksicCd,ksicNm,lat,ldongCd,ldongNm,lnoAdr,lnoCd,lnoMnno,lnoSlno,lon,newZipcd,oldZipcd,plotSctCd,plotSctNm,rdnm,rdnmAdr,rdnmCd,signguCd,signguNm
0,4121057000,광명6동,20106686,진미가정식백반,4121010100107420008009050,23,그린빌리지,,,41,경기도,,1,,Q,음식,Q01,한식,Q01A01,한식/백반/한정식,I56111,한식 음식점업,37.4682824371777,4121010100,광명동,경기도 광명시 광명동 742-8,4121010100207420008,742,8,126.850457180749,14281,423010,1,대지,경기도 광명시 도덕로,경기도 광명시 도덕로 23,412103187019,41210,광명시
1,1130553500,미아동,20106687,베스킨라빈스미아역점,1130510100103040001030868,193,평강약국,,미아역점,11,서울특별시,,1,,Q,음식,Q07,패스트푸드,Q07A07,아이스크림판매,I56191,제과점업,37.6259931231247,1130510100,미아동,서울특별시 강북구 미아동 304-1,1130510100203040001,304,1,127.025970279951,01170,142812,1,대지,서울특별시 강북구 도봉로,서울특별시 강북구 도봉로 193,113053005039,11305,강북구
2,1171056200,방이2동,20106688,와라와라방이점,1171011100100600000016942,19,,,방이점,11,서울특별시,,2,,Q,음식,Q09,유흥주점,Q09A02,소주방/포장마차,I56219,기타 주점업,37.5143374184783,1171011100,방이동,서울특별시 송파구 방이동 60,1171011100200600000,60,,127.109524135974,05547,138050,1,대지,서울특별시 송파구 올림픽로32길,서울특별시 송파구 올림픽로32길 19,117104169429,11710,송파구
3,2914083000,풍암동,20106691,카페이쪼,2914012800106090013000001,9,,,풍암점,29,광주광역시,,1,,Q,음식,Q12,커피점/카페,Q12A01,커피전문점/카페/다방,I56220,비알콜 음료점업,35.1190847093184,2914012800,풍암동,광주광역시 서구 풍암동 609-13,2914012800206090013,609,13,126.866536547529,62052,502831,1,대지,광주광역시 서구 송풍로17번길,광주광역시 서구 송풍로17번길 9,291404280248,29140,서구
4,3117052000,일산동,20106698,채드림고기부페,3117010300109750007000001,12,,,,31,울산광역시,,1,2,Q,음식,Q15,부페,Q15A02,고기부페,I56111,한식 음식점업,35.4919844371817,3117010300,일산동,울산광역시 동구 일산동 975-5,3117010300209750005,975,5,129.431416498107,44057,682810,1,대지,울산광역시 동구 해수욕장7길,울산광역시 동구 해수욕장7길 12,311704313244,31170,동구
5,2623066000,부암3동,20106712,한양떡집,2623010800106200006000001,48,부암제일상가,,,26,부산광역시,,,,Q,음식,Q08,제과제빵떡케익,Q08A03,떡전문,I56191,제과점업,35.1735820850307,2623010800,부암동,부산광역시 부산진구 부암동 620-6,2623010800206200006,620,6,129.031646818516,47153,614090,1,대지,부산광역시 부산진구 백양산로,부산광역시 부산진구 백양산로 48,262303129015,26230,부산진구
6,4315052700,,20106715,강남숯불갈비,4315010800101370008022850,56,,1,,,,,1,,Q,음식,Q01,한식,Q01A02,갈비/삼겹살,I56111,한식 음식점업,37.1369631881198,4315010800,명동,충청북도 제천시 명동 137-8,4315010800201370008,137,8,128.207046179952,27171,390050,1,대지,충청북도 제천시 의병대로,충청북도 제천시 의병대로 56-1,431502014004,,
7,4513071000,소룡동,20106718,김밥천국,4513014600115640002025589,175,,,,45,전라북도,,,,Q,음식,Q04,분식,Q04A01,라면김밥분식,I56194,분식 및 김밥 전문점,35.9705076259483,4513014600,소룡동,전라북도 군산시 소룡동 1564-2,4513014600215640002,1564,2,126.678927944613,54012,573882,1,대지,전라북도 군산시 칠성로,전라북도 군산시 칠성로 175,451303268103,45130,군산시
8,4315054700,영서동,20106731,뚱보매점,4315010200102330000033816,31,,,,43,충청북도,,,,Q,음식,Q04,분식,Q04A05,스낵,I56194,분식 및 김밥 전문점,37.1380936384062,4315010200,서부동,충청북도 제천시 서부동 233,4315010200202330000,233,,128.204730547919,27170,390060,1,대지,충청북도 제천시 의병대로,충청북도 제천시 의병대로 31,431502014004,43150,제천시
9,4311375600,봉명2.송정동,20106734,남원추어탕,4311311500128190000014844,43,,,,43,충청북도,,1,,Q,음식,Q01,한식,Q01A14,추어탕전문,I56111,한식 음식점업,36.650854110223,4311311500,봉명동,충청북도 청주시 흥덕구 봉명동 2819,4311311500228190000,2819,,127.454951935556,28463,361300,1,대지,충청북도 청주시 흥덕구 덕암로6번길,충청북도 청주시 흥덕구 덕암로6번길 43,431134512151,43113,청주시 흥덕구
10,2723052600,칠성동,20106740,서울왕족발,2723010200104210015043170,86,,,,27,대구광역시,,,,Q,음식,Q01,한식,Q01A08,족발/보쌈전문,I56111,한식 음식점업,35.8788275712475,2723010200,칠성동2가,대구광역시 북구 칠성동2가 421-15,2723010200204210015,421,15,128.598655773038,41580,702852,1,대지,대구광역시 북구 칠성로,대구광역시 북구 칠성로 86,272303145041,27230,북구
11,4421055000,석남동,20106746,꼬레후라이드라이스,4421010900105080010041953,27,,,,44,충청남도,,,7,Q,음식,Q06,양식,Q06A01,정통양식/경양식,I56114,서양식 음식점업,36.7737054638496,4421010900,예천동,충청남도 서산시 예천동 508-10,4421010900205080010,508,10,126.438290761501,31988,356808,1,대지,충청남도 서산시 충의로,충청남도 서산시 충의로 27,442103251049,44210,서산시
12,2914082100,금호1동,20106749,술마시는퀸노래홀,2914013000107620011025581,4,,36,,29,광주광역시,,2,,Q,음식,Q09,유흥주점,Q09A10,룸살롱/단란주점,I56211,일반유흥 주점업,35.1337775314675,2914013000,금호동,광주광역시 서구 금호동 762-11,2914013000207620011,762,11,126.858871651361,62006,502806,1,대지,광주광역시 서구 금화로85번길,광주광역시 서구 금화로85번길 4-36,291404280070,29140,서구
13,4117357800,귀인동,20106750,의정부참부대찌게,4117310300109060000004474,140,,6,,41,경기도,,,,Q,음식,Q01,한식,Q01A07,부대찌개/섞어찌개,I56111,한식 음식점업,37.3844175329792,4117310300,평촌동,경기도 안양시 동안구 평촌동 906,4117310300209060000,906,,126.962062332577,14103,431070,1,대지,경기도 안양시 동안구 귀인로190번길,경기도 안양시 동안구 귀인로190번길 140-6,411734349095,41173,안양시 동안구
14,4111367000,권선1동,20106754,한길순대,4111313700110510000031018,185,,,,41,경기도,,1,,Q,음식,Q10,별식/퓨전요리,Q10A05,순대전문점,I56111,한식 음식점업,37.2560949563395,4111313700,권선동,경기도 수원시 권선구 권선동 1051,4111313700210510000,1051,,127.024564328268,16566,441824,1,대지,경기도 수원시 권선구 세권로,경기도 수원시 권선구 세권로 185,411133175029,41113,수원시 권선구
15,4313051500,성내.충인동,20106761,타워미시주점,4313010200104330000002541,2,,1,,43,충청북도,,1,,Q,음식,Q09,유흥주점,Q09A10,룸살롱/단란주점,I56211,일반유흥 주점업,36.9675644990669,4313010200,성남동,충청북도 충주시 성남동 433,4313010200204330000,433,,127.935161899751,27393,380030,1,대지,충청북도 충주시 성남2길,충청북도 충주시 성남2길 2-1,431304514791,43130,충주시
16,4313036000,노은면,20106764,명수산식당,4313036021103330001046311,105,,,,43,충청북도,,,,Q,음식,Q03,일식/수산물,Q03A99,수산물전문음식점-종합,I56111,한식 음식점업,37.0688688336858,4313036021,노은면,충청북도 충주시 노은면 연하리 333-1,4313036021203330001,333,1,127.757743030314,27452,380911,1,대지,충청북도 충주시 노은면 연하하남길,충청북도 충주시 노은면 연하하남길 105,431304515047,43130,충주시
17,4313036000,노은면,20106773,호천식당,4313036021105350010046502,25,,,,43,충청북도,,,,Q,음식,Q01,한식,Q01A01,한식/백반/한정식,I56111,한식 음식점업,37.0477494092492,4313036021,노은면,충청북도 충주시 노은면 연하리 535-10,4313036021205350010,535,10,127.755123198222,27452,380911,1,대지,충청북도 충주시 노은면 연하중앙길,충청북도 충주시 노은면 연하중앙길 25,431304515046,43130,충주시
18,4313056000,지현동,20106778,삼영떡방앗간,4313012500114420000024274,79,,,,43,충청북도,,1,,Q,음식,Q08,제과제빵떡케익,Q08A03,떡전문,I56191,제과점업,36.9642830429415,4313012500,지현동,충청북도 충주시 지현동 1442,4313012500214420000,1442,,127.933008471305,27413,380070,1,대지,충청북도 충주시 예성로,충청북도 충주시 예성로 79,431303238048,43130,충주시
19,4213033000,지정면,20106782,한솔개발클럽하우스,4213033024105770002000001,58,오크밸리,,,42,강원도,,,194,Q,음식,Q01,한식,Q01A01,한식/백반/한정식,I56111,한식 음식점업,37.4078584262811,4213033026,지정면,강원도 원주시 지정면 월송리 1016,4213033026210160000,1016,,127.808945547735,26357,220821,1,대지,강원도 원주시 지정면 오크밸리2길,강원도 원주시 지정면 오크밸리2길 58,421304457706,42130,원주시
20,4213065000,행구동,20106787,다원,4213011400107470001837608,38,,,,42,강원도,,,,Q,음식,Q06,양식,Q06A01,정통양식/경양식,I56114,서양식 음식점업,37.3410152877938,4213011400,행구동,강원도 원주시 행구동 747-1,4213011400207470001,747,1,128.00496289079,26455,220160,1,대지,강원도 원주시 고문골길,강원도 원주시 고문골길 38,421304457044,42130,원주시
21,4213059000,단계동,20106792,씨씨존치킨,4213011000108070001022152,55,세경3차아파트,,단계점,42,강원도,,,,Q,음식,Q05,닭/오리요리,Q05A08,후라이드/양념치킨,I56193,치킨 전문점,37.3521953763239,4213011000,단계동,강원도 원주시 단계동 807-1,4213011000208070001,807,1,127.929775659205,26410,220766,1,대지,강원도 원주시 백간길,강원도 원주시 백간길 55,421304457243,42130,원주시
22,4213032000,호저면,20106794,옥산메기장식당,4213032026105490000000001,698,,,,42,강원도,,,,Q,음식,Q01,한식,Q01A01,한식/백반/한정식,I56111,한식 음식점업,37.4316258578017,4213032026,호저면,강원도 원주시 호저면 옥산리 549,4213032026205490000,549,,127.926571511218,26302,220923,1,대지,강원도 원주시 호저면 호저로,강원도 원주시 호저면 호저로 698,421303219060,42130,원주시
23,4275025300,상동읍,20106806,섬지골돌집,4275025321105020002027107,2317,,6,,42,강원도,,,,Q,음식,Q01,한식,Q01A01,한식/백반/한정식,I56111,한식 음식점업,37.121221999113,4275025321,상동읍,강원도 영월군 상동읍 내덕리 502-3,4275025321205020003,502,3,128.745169342276,26248,230902,1,대지,강원도 영월군 상동읍 태백산로,강원도 영월군 상동읍 태백산로 2317-6,427503013014,42750,영월군
24,4279025000,화천읍,20106809,탁주시음장,4279025023000260005002942,13,주막거리,,,42,강원도,,,,Q,음식,Q09,유흥주점,Q09A01,호프/맥주,I56219,기타 주점업,38.1076972420091,4279025023,화천읍,강원도 화천군 화천읍 중리 262-5,4279025023202620005,262,5,127.706072300176,24117,209802,1,대지,강원도 화천군 화천읍 산수화로,강원도 화천군 화천읍 산수화로 13,427903231010,42790,화천군
25,4217052000,송정동,20106810,동해막국수,4217010300109300000000001,95,동해막국수,,,42,강원도,,,,Q,음식,Q04,분식,Q04A02,국수/만두/칼국수,I56194,분식 및 김밥 전문점,37.4983290650251,4217010300,송정동,강원도 동해시 송정동 930,4217010300209300000,930,,129.120808304681,25776,240806,1,대지,강원도 동해시 용정로,강원도 동해시 용정로 95,421703221026,42170,동해시
26,4275036000,주천면,20106812,평창강가든,4275036022100920001000259,235,,,,42,강원도,,,,Q,음식,Q01,한식,Q01A01,한식/백반/한정식,I56111,한식 음식점업,37.2996814134217,4275036022,주천면,강원도 영월군 주천면 판운리 92-1,4275036022200920001,92,1,128.345546072095,26202,230855,1,대지,강원도 영월군 주천면 평창강로,강원도 영월군 주천면 평창강로 235,427503013037,42750,영월군
27,4275025000,영월읍,20106813,동우부페,4275025021108500005017590,13,동우프라자상가아파트,,,42,강원도,,,,Q,음식,Q15,부페,Q15A01,종합부페,,,37.1840847196276,4275025021,영월읍,강원도 영월군 영월읍 영흥리 850-5,4275025021208500005,850,5,128.473458011487,26228,230805,1,대지,강원도 영월군 영월읍 금강공원길,강원도 영월군 영월읍 금강공원길 13,427504481025,42750,영월군
28,4282025300,거진읍,20106818,시장순대집,4282025321102720000018543,13,,3,,42,강원도,,1,,Q,음식,Q10,별식/퓨전요리,Q10A05,순대전문점,I56111,한식 음식점업,38.4474889084921,4282025321,거진읍,강원도 고성군 거진읍 거진리 272,4282025321202720000,272,,128.454353245302,24715,219901,1,대지,강원도 고성군 거진읍 거진시장길,강원도 고성군 거진읍 거진시장길 13-3,428204502027,42820,고성군
29,4213067500,반곡관설동,20106823,사랑방식당,4213011600106250002000303,1,,,,42,강원도,,,,Q,음식,Q01,한식,Q01A01,한식/백반/한정식,I56111,한식 음식점업,37.3078071386006,4213011600,관설동,강원도 원주시 관설동 625-2,4213011600206250002,625,2,127.977513664803,26470,220934,1,대지,강원도 원주시 당둔지길,강원도 원주시 당둔지길 1,421304457142,42130,원주시
30,4279025000,화천읍,20106828,양평해장국,4279025022000990006002789,51,도담칼국수,2,화천점,42,강원도,,,,Q,음식,Q01,한식,Q01A05,해장국/감자탕,I56111,한식 음식점업,38.1056301008037,4279025022,화천읍,강원도 화천군 화천읍 하리 99-6,4279025022200990006,99,6,127.704529816065,24121,209804,1,대지,강원도 화천군 화천읍 상승로,강원도 화천군 화천읍 상승로 51-2,427903231011,42790,화천군
31,4223053000,교동,20106829,바다와커피향기,4223010600104130000000001,301,,8,,42,강원도,,,,Q,음식,Q12,커피점/카페,Q12A01,커피전문점/카페/다방,I56220,비알콜 음료점업,37.4649533372136,4223010600,교동,강원도 삼척시 교동 413,4223010600204130000,413,,129.172896639909,25909,245930,1,대지,강원도 삼척시 뒷나루길,강원도 삼척시 뒷나루길 301-8,422304472118,42230,삼척시
32,2917067700,오치2동,20106835,여수식당,2917011500108620001000962,40,우성아파트,,,29,광주광역시,,1,,Q,음식,Q01,한식,Q01A01,한식/백반/한정식,I56111,한식 음식점업,35.1910437932375,2917011500,오치동,광주광역시 북구 오치동 862-1,2917011500208620001,862,1,126.90092729197,61052,500752,1,대지,광주광역시 북구 서하로183번길,광주광역시 북구 서하로183번길 40,291704286402,29170,북구
33,2653059300,모라3동,20106839,성원반점,2653010200105490003025686,40,성원반점,19,,26,부산광역시,,,,Q,음식,Q02,중식,Q02A00,중국음식/중국집,I56112,중식 음식점업,35.1840956160256,2653010200,모라동,부산광역시 사상구 모라동 549-3,2653010200205490003,549,3,128.993516397089,46937,617080,1,대지,부산광역시 사상구 모라로110번길,부산광역시 사상구 모라로110번길 40-19,265304217142,26530,사상구
34,2653059100,모라1동,20106842,토담주막,2653010200104230003018273,29,취하는건바다,,,26,부산광역시,,,,Q,음식,Q09,유흥주점,Q09A04,민속주점,I56219,기타 주점업,35.1852744236703,2653010200,모라동,부산광역시 사상구 모라동 423-4,2653010200204230004,423,4,128.992663355821,46932,617080,1,대지,부산광역시 사상구 모라로110번길,부산광역시 사상구 모라로110번길 29,265304217142,26530,사상구
35,1153051000,신도림동,20106848,미남포차,1153010100103380000000001,23,신도림2차푸르지오,,,11,서울특별시,,1,,Q,음식,Q09,유흥주점,Q09A02,소주방/포장마차,I56219,기타 주점업,37.5106507996582,1153010100,신도림동,서울특별시 구로구 신도림동 338,1153010100203380000,338,,126.889204013374,08208,152747,1,대지,서울특별시 구로구 경인로67길,서울특별시 구로구 경인로67길 23,115304148120,11530,구로구
36,4128162200,화정2동,20106850,버거월드,4128112300111450000011749,22,백년프라자,,화정점,41,경기도,,,101,Q,음식,Q07,패스트푸드,Q07A04,패스트푸드,I56199,그외 기타 음식점업,37.6275563532978,4128112300,화정동,경기도 고양시 덕양구 화정동 1145,4128112300211450000,1145,,126.831004089063,10503,412270,1,대지,경기도 고양시 덕양구 성신로,경기도 고양시 덕양구 성신로 22,412813192038,41281,고양시 덕양구
37,2914078000,화정3동,20106851,혜정,2914011900108240001020578,3,,27,,29,광주광역시,,1,,Q,음식,Q09,유흥주점,Q09A01,호프/맥주,I56219,기타 주점업,35.144197125195,2914011900,화정동,광주광역시 서구 화정동 824-1,2914011900208240001,824,1,126.87424333473,62037,502240,1,대지,광주광역시 서구 월드컵4강로68번길,광주광역시 서구 월드컵4강로68번길 3-27,291404280343,29140,서구
38,1150059100,화곡6동,20106852,별난집,1150010300111130006014900,29,,,,11,서울특별시,,1,,Q,음식,Q01,한식,Q01A01,한식/백반/한정식,I56111,한식 음식점업,37.553427393103,1150010300,화곡동,서울특별시 강서구 화곡동 1113-6,1150010300211130006,1113,6,126.852896636578,07654,157010,1,대지,서울특별시 강서구 화곡로60길,서울특별시 강서구 화곡로60길 29,115004145543,11500,강서구
39,2820070000,논현2동,20106853,실내포차숲속마을,2820011000104110053019405,24,숲속마을휴먼시아아파트,,,28,인천광역시,,,106,Q,음식,Q09,유흥주점,Q09A02,소주방/포장마차,I56219,기타 주점업,37.4065225839452,2820011000,논현동,인천광역시 남동구 논현동 580-1,2820011000205800001,580,1,126.710515749031,21640,405789,1,대지,인천광역시 남동구 은봉로165번길,인천광역시 남동구 은봉로165번길 24,282004259580,28200,남동구
40,4125053500,중앙동,20106863,엉터리식당,4125010300105890078006518,32,,,,41,경기도,,,,Q,음식,Q01,한식,Q01A01,한식/백반/한정식,I56111,한식 음식점업,37.905511493255,4125010300,생연동,경기도 동두천시 생연동 589-78,4125010300205890078,589,78,127.052022118817,11328,483030,1,대지,경기도 동두천시 중앙로265번길,경기도 동두천시 중앙로265번길 32,412504367135,41250,동두천시
41,2817060000,학익1동,20106865,아이원분식,2817010300104680000000001,338,학익풍림아이원아파트,,,28,인천광역시,,1,,Q,음식,Q04,분식,Q04A01,라면김밥분식,I56194,분식 및 김밥 전문점,37.4415024433777,2817010300,학익동,인천광역시 남구 학익동 721,2817010300207210000,721,,126.659628868417,22203,402874,1,대지,인천광역시 남구 매소홀로,인천광역시 남구 매소홀로 338,281703149061,28170,남구
42,2811052000,연안동,20106867,보성식당,2811011800100600000156309,16,해양센타,,,28,인천광역시,,1,,Q,음식,Q01,한식,Q01A01,한식/백반/한정식,I56111,한식 음식점업,37.4565582463565,2811011800,항동7가,인천광역시 중구 항동7가 60,2811011800200600000,60,,126.603570512594,22349,400802,1,대지,인천광역시 중구 연안부두로,인천광역시 중구 연안부두로 16,281103149027,28110,중구
43,4131057000,수택1동,20106876,사나이창,4131010500104090007003810,57,,6,구리점,41,경기도,,1,,Q,음식,Q09,유흥주점,Q09A01,호프/맥주,I56219,기타 주점업,37.5997364593775,4131010500,수택동,경기도 구리시 수택동 409-7,4131010500204090007,409,7,127.140771487085,11928,471030,1,대지,경기도 구리시 안골로103번길,경기도 구리시 안골로103번길 57-6,413104388116,41310,구리시
44,2714064000,지저동,20106878,술단지,2714010800107710007039634,28,,,,27,대구광역시,,,,Q,음식,Q09,유흥주점,Q09A01,호프/맥주,I56219,기타 주점업,35.8956172627235,2714010800,지저동,대구광역시 동구 지저동 771-7,2714010800207710007,771,7,128.637552318168,41043,701853,1,대지,대구광역시 동구 해동로,대구광역시 동구 해동로 28,271403142042,27140,동구
45,2917060200,운암2동,20106885,비비음악홀,2917010900103920015020237,4,,,,29,광주광역시,,,,Q,음식,Q09,유흥주점,Q09A10,룸살롱/단란주점,I56211,일반유흥 주점업,35.172756212847,2917010900,운암동,광주광역시 북구 운암동 392-15,2917010900203920015,392,15,126.885310573274,61221,500170,1,대지,광주광역시 북구 서암대로,광주광역시 북구 서암대로 4,291702009011,29170,북구
46,4223054000,정라동,20106898,시루떡방,4223012500104570003000010,74,석미아파트상가,,,42,강원도,,,,Q,음식,Q08,제과제빵떡케익,Q08A03,떡전문,I56191,제과점업,37.4479535720807,4223012500,정상동,강원도 삼척시 정상동 457-3,4223012500204570003,457,3,129.177129177951,25924,245717,1,대지,강원도 삼척시 청석로,강원도 삼척시 청석로 74,422303224031,42230,삼척시
47,4273025000,횡성읍,20106904,낙원,4273025021102900002003000,13,,1,,42,강원도,,,,Q,음식,Q09,유흥주점,Q09A10,룸살롱/단란주점,I56211,일반유흥 주점업,37.4902101283004,4273025021,횡성읍,강원도 횡성군 횡성읍 읍상리 290-2,4273025021202900002,290,2,127.987252285885,25232,225807,1,대지,강원도 횡성군 횡성읍 문정로19번길,강원도 횡성군 횡성읍 문정로19번길 13-1,427304478198,42730,횡성군
48,4273025000,횡성읍,20106905,풍경마을,4273025022102990009022283,9,,,,42,강원도,,,,Q,음식,Q01,한식,Q01A01,한식/백반/한정식,I56111,한식 음식점업,37.4909033193563,4273025022,횡성읍,강원도 횡성군 횡성읍 읍하리 299-9,4273025022202990009,299,9,127.982231136872,25237,225808,1,대지,강원도 횡성군 횡성읍 대동로,강원도 횡성군 횡성읍 대동로 9,427303226096,42730,횡성군
49,4273031000,우천면,20106907,다래막국수,4273031031103070001014122,9,,,,42,강원도,,,,Q,음식,Q04,분식,Q04A02,국수/만두/칼국수,I56194,분식 및 김밥 전문점,37.4518462400517,4273031031,우천면,강원도 횡성군 우천면 우항리 307-6,4273031031203070006,307,6,128.073826531276,25248,225814,1,대지,강원도 횡성군 우천면 한우로우항7길,강원도 횡성군 우천면 한우로우항7길 9,427304478605,42730,횡성군
50,4223031000,근덕면,20106911,행복횟집,4223031026101070071000001,150,,,,42,강원도,,,,Q,음식,Q03,일식/수산물,Q03A01,횟집,I56111,한식 음식점업,37.3848598663606,4223031026,근덕면,강원도 삼척시 근덕면 덕산리 107-71,4223031026201070071,107,71,129.242505253991,25934,245833,1,대지,강원도 삼척시 근덕면 덕산해변길,강원도 삼척시 근덕면 덕산해변길 150,422304472085,42230,삼척시
51,4273025000,횡성읍,20106914,차이원,4273025022105790002000001,35,,,,42,강원도,,,,Q,음식,Q02,중식,Q02A00,중국음식/중국집,I56112,중식 음식점업,37.4880557108432,4273025022,횡성읍,강원도 횡성군 횡성읍 읍하리 579-2,4273025022205790002,579,2,127.981180148782,25234,225808,1,대지,강원도 횡성군 횡성읍 앞들서2로,강원도 횡성군 횡성읍 앞들서2로 35,427303226048,42730,횡성군
52,4117357800,귀인동,20106919,커피마르소,4117310300109000005004634,136,신세기타운,,,41,경기도,,,104,Q,음식,Q12,커피점/카페,Q12A01,커피전문점/카페/다방,I56220,비알콜 음료점업,37.3844367086161,4117310300,평촌동,경기도 안양시 동안구 평촌동 900-4,4117357800209000004,900,4,126.960142406393,14103,431070,1,대지,경기도 안양시 동안구 평촌대로,경기도 안양시 동안구 평촌대로 136,411732183002,41173,안양시 동안구
53,2626075000,안락2동,20106923,동촌오리,2626010200104590048017072,23,,,,26,부산광역시,,,,Q,음식,Q05,닭/오리요리,Q05A09,오리고기전문,I56111,한식 음식점업,35.1966614243467,2626010200,안락동,부산광역시 동래구 안락동 459-48,2626010200204590048,459,48,129.108739934928,47795,607100,1,대지,부산광역시 동래구 충렬대로457번길,부산광역시 동래구 충렬대로457번길 23,262604190545,26260,동래구
54,2611058000,남포동,20106924,원조서울삼계탕II,2611013700100260001006843,36,,,,26,부산광역시,,2,,Q,음식,Q05,닭/오리요리,Q05A01,삼계탕전문,I56111,한식 음식점업,35.098297884574,2611013700,남포동2가,부산광역시 중구 남포동2가 26-1,2611013700200260001,26,1,129.032638859079,48954,600042,1,대지,부산광역시 중구 남포길,부산광역시 중구 남포길 36,261104175031,26110,중구
55,1171061000,삼전동,20106931,죠스떡볶이삼전점,1171010600100280022008004,202,두레빌딩,,삼전점,11,서울특별시,,1,,Q,음식,Q04,분식,Q04A03,떡볶이전문,I56194,분식 및 김밥 전문점,37.503809616289,1171010600,삼전동,서울특별시 송파구 삼전동 28-22,1171010600200280022,28,22,127.088985437084,05581,138837,1,대지,서울특별시 송파구 백제고분로,서울특별시 송파구 백제고분로 202,117103123006,11710,송파구
56,1132069000,방학1동,20106938,다모아,1132010600106820005003356,19,,,,11,서울특별시,,1,,Q,음식,Q09,유흥주점,Q09A01,호프/맥주,I56219,기타 주점업,37.6650447759446,1132010600,방학동,서울특별시 도봉구 방학동 682-5,1132010600206820005,682,5,127.04147595121,01340,132020,1,대지,서울특별시 도봉구 도봉로147길,서울특별시 도봉구 도봉로147길 19,113204127140,11320,도봉구
57,2671031000,일광면,20106948,강변횟집,2671031026100440004016127,28,강변횟집,4,,26,부산광역시,,,,Q,음식,Q03,일식/수산물,Q03A01,횟집,I56111,한식 음식점업,35.2956803663913,2671031026,일광면,부산광역시 기장군 일광면 신평리 44-4,2671031026200440004,44,4,129.260292306663,46040,619911,1,대지,부산광역시 기장군 일광면 신평길,부산광역시 기장군 일광면 신평길 28-4,267104220153,26710,기장군
58,2914079000,화정4동,20106960,국수나무,2914011900103500012000001,130,영무메트로,,화정점,29,광주광역시,,,112,Q,음식,Q04,분식,Q04A02,국수/만두/칼국수,I56194,분식 및 김밥 전문점,35.1450709382409,2914011900,화정동,광주광역시 서구 화정동 350-12,2914011900203500012,350,12,126.871279286968,62025,502240,1,대지,광주광역시 서구 화정로,광주광역시 서구 화정로 130,291403160058,29140,서구
59,4211058000,소양동,20106969,아워홈한림대학교학생식당매점,4211010700100010000002033,1,한림대학교,,,42,강원도,,,,Q,음식,Q14,기타음식업,Q14A01,구내식당/자급식음식점,I56120,기관구내식당업,37.8854326749229,4211010700,옥천동,강원도 춘천시 옥천동 1-1,4211010700200010001,1,1,127.734936196968,24252,200010,1,대지,강원도 춘천시 한림대학길,강원도 춘천시 한림대학길 1,421104454758,42110,춘천시
60,4281031000,남면,20106974,국제기사식당,4281031021005180000004089,35,,,,42,강원도,,,,Q,음식,Q01,한식,Q01A21,기사식당,I56111,한식 음식점업,37.9665539408757,4281031021,남면,강원도 인제군 남면 신남리 518,4281031021205180000,518,,128.078117428819,24648,252815,1,대지,강원도 인제군 남면 신남로,강원도 인제군 남면 신남로 35,428103233016,42810,인제군
61,4211067500,강남동,20106978,왕언니,4211012100100290003000001,2352,풍물시장,20,,42,강원도,11,,77,Q,음식,Q01,한식,Q01A01,한식/백반/한정식,I56111,한식 음식점업,37.8683153081632,4211012100,온의동,강원도 춘천시 온의동 29-3,4211012100200290003,29,3,127.716527729941,24364,200937,1,대지,강원도 춘천시 영서로,강원도 춘천시 영서로 2352-20,421103013022,42110,춘천시
62,4275031000,중동면,20106988,나그네쉼터,4275031025100650009023174,3827,,,,42,강원도,,,,Q,음식,Q04,분식,Q04A01,라면김밥분식,I56194,분식 및 김밥 전문점,37.1985297546807,4275031025,중동면,강원도 영월군 중동면 연상리 65-9,4275031025200650009,65,9,128.616475125937,26242,230814,1,대지,강원도 영월군 중동면 영월로,강원도 영월군 중동면 영월로 3827,427503227017,42750,영월군
63,4282025000,간성읍,20106989,만리향,4282025022101590011001599,20,만리향,,,42,강원도,,,,Q,음식,Q02,중식,Q02A00,중국음식/중국집,I56112,중식 음식점업,38.3789801006437,4282025022,간성읍,강원도 고성군 간성읍 신안리 159-11,4282025022201590011,159,11,128.472889495232,24734,219803,1,대지,강원도 고성군 간성읍 간성로,강원도 고성군 간성읍 간성로 20,428203234001,42820,고성군
64,4213055000,단구동,20106997,청솔복떡집,4213010700110640018004707,75,,,,42,강원도,,,,Q,음식,Q08,제과제빵떡케익,Q08A03,떡전문,I56191,제과점업,37.3328872821287,4213010700,단구동,강원도 원주시 단구동 1064-18,4213010700210640018,1064,18,127.953661197216,26446,220943,1,대지,강원도 원주시 치악로1735번길,강원도 원주시 치악로1735번길 75,421304457594,42130,원주시
65,4279025000,화천읍,20106999,하남각,4279025022000500030009305,7,하남각,,,42,강원도,,,,Q,음식,Q02,중식,Q02A00,중국음식/중국집,I56112,중식 음식점업,38.1037247024179,4279025022,화천읍,강원도 화천군 화천읍 하리 50-30,4279025022200500030,50,30,127.706407482143,24127,209804,1,대지,강원도 화천군 화천읍 중앙로6길,강원도 화천군 화천읍 중앙로6길 7,427904493109,42790,화천군
66,4279025000,화천읍,20107000,대붕가든,4279025028001010015007278,577,,,,42,강원도,,,,Q,음식,Q01,한식,Q01A01,한식/백반/한정식,I56111,한식 음식점업,38.0973710950302,4279025028,화천읍,강원도 화천군 화천읍 대이리 101-15,4279025028201010015,101,15,127.757009572425,24132,209809,1,대지,강원도 화천군 화천읍 평화로,강원도 화천군 화천읍 평화로 577,427903231026,42790,화천군
67,4275025000,영월읍,20107003,카네기,4275025021109470023017979,48,,,,42,강원도,,,,Q,음식,Q09,유흥주점,Q09A10,룸살롱/단란주점,I56211,일반유흥 주점업,37.1838947295699,4275025021,영월읍,강원도 영월군 영월읍 영흥리 947-23,4275025021209470023,947,23,128.466834420088,26233,230805,1,대지,강원도 영월군 영월읍 단종로33번길,강원도 영월군 영월읍 단종로33번길 48,427504481045,42750,영월군
68,4279034000,사내면,20107004,59년왕십리,4279034021004540009012326,8,"영남장여관,사계절,59년왕십리,용궁",,,42,강원도,,,,Q,음식,Q01,한식,Q01A01,한식/백반/한정식,I56111,한식 음식점업,38.0718352008043,4279034021,사내면,강원도 화천군 사내면 사창리 454-9,4279034021204540009,454,9,127.521589128547,24154,209834,1,대지,강원도 화천군 사내면 사내로4길,강원도 화천군 사내면 사내로4길 8,427904493051,42790,화천군
69,4217053000,북삼동,20107010,광동반점,4217010700101760011000001,54,,1,,42,강원도,,1,,Q,음식,Q02,중식,Q02A00,중국음식/중국집,I56112,중식 음식점업,37.4909819243985,4217010700,동회동,강원도 동해시 동회동 176-11,4217010700201760011,176,11,129.108779790695,25806,240180,1,대지,강원도 동해시 효자남길,강원도 동해시 효자남길 54-1,421704463241,42170,동해시
70,2726065200,지산2동,20107022,정동진,2726011200111990006002980,12,신빌딩,,,27,대구광역시,,,,Q,음식,Q03,일식/수산물,Q03A01,횟집,I56111,한식 음식점업,35.8205807181382,2726011200,지산동,대구광역시 수성구 지산동 1199-6,2726011200211990006,1199,6,128.632724302529,42212,706090,1,대지,대구광역시 수성구 용학로44길,대구광역시 수성구 용학로44길 12,272604238345,27260,수성구
71,4131052000,동구동,20107029,평해수산,4131010300101370000011192,90,구리농수산물시장,,,41,경기도,,,407,Q,음식,Q03,일식/수산물,Q03A02,음식점-일식,I56113,일식 음식점업,37.6156467477131,4131010300,인창동,경기도 구리시 인창동 127,4131010300201270000,127,,127.144190482965,11916,471728,1,대지,경기도 구리시 동구릉로136번길,경기도 구리시 동구릉로136번길 90,413104388055,41310,구리시
72,4313062500,칠금.금릉동,20107089,담죽,4313011600108350000000001,17,정암빌딩,,,43,충청북도,,1,,Q,음식,Q01,한식,Q01A01,한식/백반/한정식,I56111,한식 음식점업,36.9826653542866,4313011600,칠금동,충청북도 충주시 칠금동 835,4313011600208350000,835,,127.91636756919,27359,380965,1,대지,충청북도 충주시 계명대로,충청북도 충주시 계명대로 17,431302238001,43130,충주시
73,4311255000,산남동,20107092,예당,4311310600107950000023459,20,,,,43,충청북도,,1,,Q,음식,Q01,한식,Q01A01,한식/백반/한정식,I56111,한식 음식점업,36.6098485234632,4311210400,산남동,충청북도 청주시 서원구 산남동 795,4311210400207950000,795,,127.466788029787,28630,362160,1,대지,충청북도 청주시 서원구 두꺼비로34번길,충청북도 청주시 서원구 두꺼비로34번길 20,431124511279,43112,청주시 서원구
74,4421038000,운산면,20107105,수림식당,4421038022100140001042497,76,,1,,44,충청남도,,,,Q,음식,Q01,한식,Q01A01,한식/백반/한정식,I56111,한식 음식점업,36.7734605946026,4421038022,운산면,충청남도 서산시 운산면 용현리 14-1,4421038022200140001,14,1,126.602618873564,31950,356833,1,대지,충청남도 서산시 운산면 마애삼존불길,충청남도 서산시 운산면 마애삼존불길 76-1,442104562238,44210,서산시
75,3011056000,용운동,20107110,토담골찜닭,3011010900103710001027057,2,금성세탁소,,,30,대전광역시,,,,Q,음식,Q05,닭/오리요리,Q05A04,찜닭전문점,I56111,한식 음식점업,36.32588314053,3011010900,용운동,대전광역시 동구 용운동 371-1,3011010900203710001,371,1,127.461823666366,34522,300821,1,대지,대전광역시 동구 새울로86번길,대전광역시 동구 새울로86번길 2,301104292326,30110,동구
76,2635055400,좌4동,20107112,진효선복국,2635010700114290001020163,152,신도시시장,,,26,부산광역시,,,,Q,음식,Q01,한식,Q01A01,한식/백반/한정식,I56111,한식 음식점업,35.1748846862252,2635010700,좌동,부산광역시 해운대구 좌동 1429-1,2635010700214290001,1429,1,129.181140605261,48108,612030,1,대지,부산광역시 해운대구 좌동로,부산광역시 해운대구 좌동로 152,263503133038,26350,해운대구
77,4219058500,문곡소도동,20107126,장수촌,4219010700103250000009304,158,당골종합상가,,,42,강원도,4,,2,Q,음식,Q01,한식,Q01A01,한식/백반/한정식,I56111,한식 음식점업,37.1206346569149,4219010700,소도동,강원도 태백시 소도동 325,4219010700203250000,325,,128.951880821698,26043,235030,1,대지,강원도 태백시 천제단길,강원도 태백시 천제단길 158,421904466187,42190,태백시
78,4313053500,교현.안림동,20107137,우리들세상,4313010500109070000005150,100,,,,43,충청북도,,,,Q,음식,Q04,분식,Q04A01,라면김밥분식,I56194,분식 및 김밥 전문점,36.9666401478563,4313010500,교현동,충청북도 충주시 교현동 907,4313010500209070000,907,,127.942653502044,27396,380953,1,대지,충청북도 충주시 염밭로,충청북도 충주시 염밭로 100,431303238047,43130,충주시
79,4311455000,오근장동,20107138,영푸드시스템,4311113100102490000000001,11,,,,43,충청북도,,2,1,Q,음식,Q15,부페,Q15A01,종합부페,,,36.6796215852559,4311410500,주성동,충청북도 청주시 청원구 주성동 249,4311410500202490000,249,,127.500387439264,28309,363215,1,대지,충청북도 청주시 청원구 충청대로272번길,충청북도 청주시 청원구 충청대로272번길 11,431144508654,43114,청주시 청원구
80,4313062500,칠금.금릉동,20107143,꼭지분식,4313012800107760000020527,12,,,,43,충청북도,,1,,Q,음식,Q04,분식,Q04A01,라면김밥분식,I56194,분식 및 김밥 전문점,36.988393612896,4313012800,금릉동,충청북도 충주시 금릉동 776,4313012800207760000,776,,127.925123669224,27340,380230,1,대지,충청북도 충주시 금제1길,충청북도 충주시 금제1길 12,431304514164,43130,충주시
81,4313064000,목행.용탄동,20107144,작은음악회,4313011900105960000020788,40,,,,43,충청북도,,,,Q,음식,Q09,유흥주점,Q09A01,호프/맥주,I56219,기타 주점업,37.014883394153,4313011900,목행동,충청북도 충주시 목행동 596,4313011900205960000,596,,127.918343828818,27436,380240,1,대지,충청북도 충주시 행정11길,충청북도 충주시 행정11길 40,431304515487,43130,충주시
82,4313025000,주덕읍,20107148,강박사설렁탕함흥냉면,4313025021102640003000001,55,,,,43,충청북도,,1,,Q,음식,Q01,한식,Q01A09,설렁탕집,I56111,한식 음식점업,36.971953463989,4313025021,주덕읍,충청북도 충주시 주덕읍 신양리 264-3,4313025021202640003,264,3,127.793451792046,27462,380884,1,대지,충청북도 충주시 주덕읍 신양로,충청북도 충주시 주덕읍 신양로 55,431303238040,43130,충주시
83,4313032500,수안보면,20107149,만수휴게소,4313032525101410001039392,979,,,,43,충청북도,,1,,Q,음식,Q01,한식,Q01A01,한식/백반/한정식,I56111,한식 음식점업,36.8340699871086,4313032525,수안보면,충청북도 충주시 수안보면 미륵리 141-1,4313032525201410001,141,1,128.095494055522,27501,380942,1,대지,충청북도 충주시 수안보면 미륵송계로,충청북도 충주시 수안보면 미륵송계로 979,431303014004,43130,충주시
84,4313053500,교현.안림동,20107151,휴양림가든,4313012100101740010000001,1120,,,,43,충청북도,,,,Q,음식,Q01,한식,Q01A01,한식/백반/한정식,I56111,한식 음식점업,36.9810185114273,4313012100,종민동,충청북도 충주시 종민동 174-10,4313012100201740010,174,10,127.99453790919,27484,380120,1,대지,충청북도 충주시 충주호수로,충청북도 충주시 충주호수로 1120,431303238079,43130,충주시
85,4313062500,칠금.금릉동,20107153,이가네구이마당,4313011600108400000017433,27,,,,43,충청북도,,1,,Q,음식,Q01,한식,Q01A01,한식/백반/한정식,I56111,한식 음식점업,36.9826389645297,4313011600,칠금동,충청북도 충주시 칠금동 840,4313011600208400000,840,,127.917288700934,27359,380965,1,대지,충청북도 충주시 계명대로,충청북도 충주시 계명대로 27,431302238001,43130,충주시
86,4213055000,단구동,20107154,새서울순대,4213010700114640018002629,48,,27,,42,강원도,,,,Q,음식,Q10,별식/퓨전요리,Q10A05,순대전문점,I56111,한식 음식점업,37.3309942532778,4213010700,단구동,강원도 원주시 단구동 1464-18,4213010700214640018,1464,18,127.951935813461,26449,220943,1,대지,강원도 원주시 송림길,강원도 원주시 송림길 48-27,421304457697,42130,원주시
87,4376036000,청천면,20107158,이평식당,4376036048101870002028272,2929,이평공동정류소이평쉼터,,,43,충청북도,,,,Q,음식,Q01,한식,Q01A01,한식/백반/한정식,I56111,한식 음식점업,36.6611281863649,4376036048,청천면,충청북도 괴산군 청천면 이평리 187-2,4376036048201870002,187,2,127.874489274344,28065,367847,1,대지,충청북도 괴산군 청천면 문장로,충청북도 괴산군 청천면 문장로 2929,437603311070,43760,괴산군
88,4211066000,퇴계동,20107160,양양회냉면,4211012300109770010000180,12,,10,,42,강원도,,,,Q,음식,Q01,한식,Q01A19,냉면집,I56111,한식 음식점업,37.8590220852798,4211012300,퇴계동,강원도 춘천시 퇴계동 977-10,4211012300209770010,977,10,127.734303463744,24377,200945,1,대지,강원도 춘천시 퇴계로146번길,강원도 춘천시 퇴계로146번길 12-10,421104454854,42110,춘천시
89,4211066000,퇴계동,20107162,팜스치킨,4211012300109450000000968,214,퇴계금호타운아파트,,,42,강원도,,1,36,Q,음식,Q05,닭/오리요리,Q05A08,후라이드/양념치킨,I56193,치킨 전문점,37.8499361571829,4211012300,퇴계동,강원도 춘천시 퇴계동 945,4211012300209450000,945,,127.736745069735,24424,200751,1,대지,강원도 춘천시 안마산로,강원도 춘천시 안마산로 214,421103218029,42110,춘천시
90,4211057000,근화동,20107164,유미가,4211011700102880007009667,9,,,,42,강원도,,,,Q,음식,Q01,한식,Q01A01,한식/백반/한정식,I56111,한식 음식점업,37.8730590962208,4211011700,근화동,강원도 춘천시 근화동 288-7,4211011700202880007,288,7,127.71835096922,24360,200931,1,대지,강원도 춘천시 공지로441번길,강원도 춘천시 공지로441번길 9,421104454058,42110,춘천시
91,4211062000,효자1동,20107165,영주집,4211011200106700008026908,61,,,,42,강원도,,,,Q,음식,Q01,한식,Q01A01,한식/백반/한정식,I56111,한식 음식점업,37.8692933226024,4211011200,효자동,강원도 춘천시 효자동 670-8,4211011200206700008,670,8,127.730117931084,24336,200090,1,대지,강원도 춘천시 효자로,강원도 춘천시 효자로 61,421103218047,42110,춘천시
92,4211060000,후평1동,20107171,만천루,4211012000107410012033099,197,,,,42,강원도,,,,Q,음식,Q02,중식,Q02A00,중국음식/중국집,I56112,중식 음식점업,37.8868935183499,4211012000,후평동,강원도 춘천시 후평동 741-12,4211012000207410012,741,12,127.752018397155,24296,200160,1,대지,강원도 춘천시 삭주로,강원도 춘천시 삭주로 197,421103218017,42110,춘천시
93,4211066000,퇴계동,20107175,원할머니보쌈남춘천점,4211012300107040014000001,1,,,남춘천점,42,강원도,,1,,Q,음식,Q01,한식,Q01A08,족발/보쌈전문,I56111,한식 음식점업,37.8659612931108,4211012300,퇴계동,강원도 춘천시 퇴계동 1140-4,4211012300211400004,1140,4,127.726981793423,24370,200943,1,대지,강원도 춘천시 효자로14번길,강원도 춘천시 효자로14번길 1,421104454788,42110,춘천시
94,4211054500,약사명동,20107179,슈퍼스넥,4211010600100600001023977,50,,,,42,강원도,,,,Q,음식,Q04,분식,Q04A05,스낵,I56194,분식 및 김밥 전문점,37.8770644481461,4211010600,중앙로3가,강원도 춘천시 중앙로3가 60-1,4211010600200600001,60,1,127.724178548354,24357,200043,1,대지,강원도 춘천시 명동길,강원도 춘천시 명동길 50,421104454215,42110,춘천시
95,4211053000,조운동,20107184,동부실내포장마차,4211011000101830000022704,8,동부시장현대아파트,,,42,강원도,,,,Q,음식,Q09,유흥주점,Q09A02,소주방/포장마차,I56219,기타 주점업,37.8773396660911,4211011000,운교동,강원도 춘천시 운교동 183,4211011000201830000,183,,127.734146744926,24350,200080,1,대지,강원도 춘천시 동부시장길,강원도 춘천시 동부시장길 8,421104454169,42110,춘천시
96,4275025000,영월읍,20107185,중화루,4275025022101870003019429,13,,,,42,강원도,,,,Q,음식,Q02,중식,Q02A00,중국음식/중국집,I56112,중식 음식점업,37.1824307985393,4275025022,영월읍,강원도 영월군 영월읍 하송리 187-3,4275025022201870003,187,3,128.465586549259,26235,230808,1,대지,강원도 영월군 영월읍 중앙1로,강원도 영월군 영월읍 중앙1로 13,427503227021,42750,영월군
97,4213038000,판부면,20107188,부산매운탕,4213038021101910005035551,689,,24,,42,강원도,,,,Q,음식,Q03,일식/수산물,Q03A08,매운탕전문,I56111,한식 음식점업,37.2653820167533,4213038021,판부면,강원도 원주시 판부면 금대리 192-4,4213038021201920004,192,4,128.024102569395,26504,220913,1,대지,강원도 원주시 판부면 치악로,강원도 원주시 판부면 치악로 689-24,421303219054,42130,원주시
98,4217051000,천곡동,20107191,평릉식당,4217010200102890007028847,50,평릉식당,,,42,강원도,,1,,Q,음식,Q01,한식,Q01A01,한식/백반/한정식,I56111,한식 음식점업,37.5300551586171,4217010200,평릉동,강원도 동해시 평릉동 289-7,4217010200202890007,289,7,129.10064618185,25747,240020,1,대지,강원도 동해시 평릉1길,강원도 동해시 평릉1길 50,421704463211,42170,동해시
99,4217053000,북삼동,20107193,주사모,4217010700000660004000361,24,동보상가,,,42,강원도,라,,1,Q,음식,Q01,한식,Q01A01,한식/백반/한정식,I56111,한식 음식점업,37.4883326853744,4217010700,동회동,강원도 동해시 동회동 66-4,4217010700200660004,66,4,129.108797169172,25808,240180,1,대지,강원도 동해시 효자남길,강원도 동해시 효자남길 24,421704463241,42170,동해시
